Reference,DOI,Plant,Farmed,Taxon,Species,Cover
Cunha and Jacobucci 2010,10.1590/S1984-46702010000600016,Sargassum cymosum,No,Hydrozoa,Aglaophenia latecarinata,12.725948
Cunha and Jacobucci 2010,10.1590/S1984-46702010000600016,Sargassum cymosum,No,Hydrozoa,Aglaophenia latecarinata,23.396903
Cunha and Jacobucci 2010,10.1590/S1984-46702010000600016,Sargassum cymosum,No,Hydrozoa,Aglaophenia latecarinata,30.480248
Cunha and Jacobucci 2010,10.1590/S1984-46702010000600016,Sargassum cymosum,No,Hydrozoa,Aglaophenia latecarinata,45.874235
Fletcher and Day 1983,10.1016/0022-0981(83)90115-6,Ecklonia radiata,No,Mix,"Membranipora membranacea, Obelia australis and Spirorbis spp.",4.5221443
Fletcher and Day 1983,10.1016/0022-0981(83)90115-6,Ecklonia radiata,No,Mix,"Membranipora membranacea, Obelia australis and Spirorbis spp.",3.6300507
Førde et al. 2016,10.1007/s10811-015-0606-5,Saccharina latissima,Yes,Bryozoa,Electra pilosa and Membranipora membranacea,0
Førde et al. 2016,10.1007/s10811-015-0606-5,Saccharina latissima,Yes,Bryozoa,Electra pilosa and Membranipora membranacea,0
Førde et al. 2016,10.1007/s10811-015-0606-5,Saccharina latissima,Yes,Bryozoa,Electra pilosa and Membranipora membranacea,0
Førde et al. 2016,10.1007/s10811-015-0606-5,Saccharina latissima,Yes,Bryozoa,Electra pilosa and Membranipora membranacea,0
Førde et al. 2016,10.1007/s10811-015-0606-5,Saccharina latissima,Yes,Bryozoa,Electra pilosa and Membranipora membranacea,0
Førde et al. 2016,10.1007/s10811-015-0606-5,Saccharina latissima,Yes,Bryozoa,Electra pilosa and Membranipora membranacea,0
Førde et al. 2016,10.1007/s10811-015-0606-5,Saccharina latissima,Yes,Bryozoa,Electra pilosa and Membranipora membranacea,0
Førde et al. 2016,10.1007/s10811-015-0606-5,Saccharina latissima,Yes,Bryozoa,Electra pilosa and Membranipora membranacea,0
Førde et al. 2016,10.1007/s10811-015-0606-5,Saccharina latissima,Yes,Bryozoa,Electra pilosa and Membranipora membranacea,0
Førde et al. 2016,10.1007/s10811-015-0606-5,Saccharina latissima,Yes,Bryozoa,Electra pilosa and Membranipora membranacea,0.21883154
Førde et al. 2016,10.1007/s10811-015-0606-5,Saccharina latissima,Yes,Bryozoa,Electra pilosa and Membranipora membranacea,1.142855
Førde et al. 2016,10.1007/s10811-015-0606-5,Saccharina latissima,Yes,Bryozoa,Electra pilosa and Membranipora membranacea,2.1697931
Førde et al. 2016,10.1007/s10811-015-0606-5,Saccharina latissima,Yes,Bryozoa,Electra pilosa and Membranipora membranacea,2.3477778
Førde et al. 2016,10.1007/s10811-015-0606-5,Saccharina latissima,Yes,Bryozoa,Electra pilosa and Membranipora membranacea,6.7625566
Førde et al. 2016,10.1007/s10811-015-0606-5,Saccharina latissima,Yes,Bryozoa,Electra pilosa and Membranipora membranacea,8.815943
Førde et al. 2016,10.1007/s10811-015-0606-5,Saccharina latissima,Yes,Bryozoa,Electra pilosa and Membranipora membranacea,20.595678
Førde et al. 2016,10.1007/s10811-015-0606-5,Saccharina latissima,Yes,Bryozoa,Electra pilosa and Membranipora membranacea,53.34718
Førde et al. 2016,10.1007/s10811-015-0606-5,Saccharina latissima,Yes,Bryozoa,Electra pilosa and Membranipora membranacea,34.9695
Førde et al. 2016,10.1007/s10811-015-0606-5,Saccharina latissima,Yes,Bryozoa,Electra pilosa and Membranipora membranacea,60.19891
Førde et al. 2016,10.1007/s10811-015-0606-5,Saccharina latissima,Yes,Bryozoa,Electra pilosa and Membranipora membranacea,65.43504
Førde et al. 2016,10.1007/s10811-015-0606-5,Saccharina latissima,Yes,Bryozoa,Electra pilosa and Membranipora membranacea,65.74305
Førde et al. 2016,10.1007/s10811-015-0606-5,Saccharina latissima,Yes,Bryozoa,Electra pilosa and Membranipora membranacea,99.90469
Førde et al. 2016,10.1007/s10811-015-0606-5,Saccharina latissima,Yes,Bryozoa,Electra pilosa and Membranipora membranacea,76.18821
Førde et al. 2016,10.1007/s10811-015-0606-5,Saccharina latissima,Yes,Bryozoa,Electra pilosa and Membranipora membranacea,69.92526
Førde et al. 2016,10.1007/s10811-015-0606-5,Saccharina latissima,Yes,Bryozoa,Electra pilosa and Membranipora membranacea,0
Førde et al. 2016,10.1007/s10811-015-0606-5,Saccharina latissima,Yes,Bryozoa,Electra pilosa and Membranipora membranacea,0
Førde et al. 2016,10.1007/s10811-015-0606-5,Saccharina latissima,Yes,Bryozoa,Electra pilosa and Membranipora membranacea,0
Førde et al. 2016,10.1007/s10811-015-0606-5,Saccharina latissima,Yes,Bryozoa,Electra pilosa and Membranipora membranacea,0
Førde et al. 2016,10.1007/s10811-015-0606-5,Saccharina latissima,Yes,Bryozoa,Electra pilosa and Membranipora membranacea,0
Førde et al. 2016,10.1007/s10811-015-0606-5,Saccharina latissima,Yes,Bryozoa,Electra pilosa and Membranipora membranacea,0
Førde et al. 2016,10.1007/s10811-015-0606-5,Saccharina latissima,Yes,Bryozoa,Electra pilosa and Membranipora membranacea,72.37486
Førde et al. 2016,10.1007/s10811-015-0606-5,Saccharina latissima,Yes,Bryozoa,Electra pilosa and Membranipora membranacea,41.50307
Førde et al. 2016,10.1007/s10811-015-0606-5,Saccharina latissima,Yes,Bryozoa,Electra pilosa and Membranipora membranacea,2.01589
Førde et al. 2016,10.1007/s10811-015-0606-5,Saccharina latissima,Yes,Bryozoa,Electra pilosa and Membranipora membranacea,45.739914
Førde et al. 2016,10.1007/s10811-015-0606-5,Saccharina latissima,Yes,Bryozoa,Electra pilosa and Membranipora membranacea,24.816717
Førde et al. 2016,10.1007/s10811-015-0606-5,Saccharina latissima,Yes,Bryozoa,Electra pilosa and Membranipora membranacea,46.970562
Hepburn and Hurd 2005,10.3354/meps302037,Macrocystis pyrifera,No,Bryozoa,Membranipora membranacea,6.155731667
Hepburn and Hurd 2005,10.3354/meps302037,Macrocystis pyrifera,No,Bryozoa,Membranipora membranacea,19.7398187
Hepburn and Hurd 2005,10.3354/meps302037,Macrocystis pyrifera,No,Mix,Membranipora membranacea and Obelia geniculata,31.05780818
Hepburn and Hurd 2005,10.3354/meps302037,Macrocystis pyrifera,No,Mix,Membranipora membranacea and Obelia geniculata,2.460886433
Hepburn and Hurd 2005,10.3354/meps302037,Macrocystis pyrifera,No,Mix,Membranipora membranacea and Obelia geniculata,32.41109543
Hepburn and Hurd 2005,10.3354/meps302037,Macrocystis pyrifera,No,Mix,Membranipora membranacea and Obelia geniculata,67.48264501
Hepburn and Hurd 2005,10.3354/meps302037,Macrocystis pyrifera,No,Mix,Membranipora membranacea and Obelia geniculata,2.992856797
Hepburn and Hurd 2005,10.3354/meps302037,Macrocystis pyrifera,No,Mix,Membranipora membranacea and Obelia geniculata,7.654524157
Hepburn and Hurd 2005,10.3354/meps302037,Macrocystis pyrifera,No,Mix,Membranipora membranacea and Obelia geniculata,34.14192812
Hepburn and Hurd 2005,10.3354/meps302037,Macrocystis pyrifera,No,Mix,Membranipora membranacea and Obelia geniculata,16.36644582
Hepburn and Hurd 2005,10.3354/meps302037,Macrocystis pyrifera,No,Mix,Membranipora membranacea and Obelia geniculata,2.321037867
Hepburn and Hurd 2005,10.3354/meps302037,Macrocystis pyrifera,No,Mix,Membranipora membranacea and Obelia geniculata,7.970492867
Jennings and Steinberg 1997,10.1007/s004420050106,Ecklonia radiata,No,Hydrozoa,NA,0.340482137
Jennings and Steinberg 1997,10.1007/s004420050106,Ecklonia radiata,No,Hydrozoa,NA,0.156932142
Jennings and Steinberg 1997,10.1007/s004420050106,Ecklonia radiata,No,Hydrozoa,NA,0.352791187
Jennings and Steinberg 1997,10.1007/s004420050106,Ecklonia radiata,No,Hydrozoa,NA,0.238642047
Jennings and Steinberg 1997,10.1007/s004420050106,Ecklonia radiata,No,Hydrozoa,NA,0
Jennings and Steinberg 1997,10.1007/s004420050106,Ecklonia radiata,No,Hydrozoa,NA,0
Jennings and Steinberg 1997,10.1007/s004420050106,Ecklonia radiata,No,Hydrozoa,NA,0
Jennings and Steinberg 1997,10.1007/s004420050106,Ecklonia radiata,No,Hydrozoa,NA,0
Marzinelli et al. 2009,10.1890/08-1893.1,Ecklonia radiata,No,Mix,Membranipora membranacea and Obelia spp.,12.298197
Marzinelli et al. 2009,10.1890/08-1893.1,Ecklonia radiata,No,Mix,Membranipora membranacea and Obelia spp.,12.4855677
Marzinelli et al. 2009,10.1890/08-1893.1,Ecklonia radiata,No,Mix,Membranipora membranacea and Obelia spp.,9.8716002
Marzinelli et al. 2009,10.1890/08-1893.1,Ecklonia radiata,No,Mix,Membranipora membranacea and Obelia spp.,17.6854937
Marzinelli et al. 2009,10.1890/08-1893.1,Ecklonia radiata,No,Mix,Membranipora membranacea and Obelia spp.,8.5076134
Marzinelli et al. 2009,10.1890/08-1893.1,Ecklonia radiata,No,Mix,Membranipora membranacea and Obelia spp.,6.6536323
Marzinelli et al. 2009,10.1890/08-1893.1,Ecklonia radiata,No,Mix,Membranipora membranacea and Obelia spp.,11.427293
Marzinelli et al. 2009,10.1890/08-1893.1,Ecklonia radiata,No,Mix,Membranipora membranacea and Obelia spp.,12.3022336
Marzinelli et al. 2011,10.1371/journal.pone.0021936,Ecklonia radiata,No,Bryozoa,Membranipora membranacea,3.1276615
Marzinelli et al. 2011,10.1371/journal.pone.0021936,Ecklonia radiata,No,Bryozoa,Membranipora membranacea,11.23286
Marzinelli et al. 2011,10.1371/journal.pone.0021936,Ecklonia radiata,No,Bryozoa,Membranipora membranacea,17.234133
Marzinelli et al. 2011,10.1371/journal.pone.0021936,Ecklonia radiata,No,Bryozoa,Membranipora membranacea,0.5798692
Marzinelli et al. 2011,10.1371/journal.pone.0021936,Ecklonia radiata,No,Bryozoa,Membranipora membranacea,0.11547157
Marzinelli et al. 2011,10.1371/journal.pone.0021936,Ecklonia radiata,No,Bryozoa,Membranipora membranacea,16.995512
Marzinelli et al. 2011,10.1371/journal.pone.0021936,Ecklonia radiata,No,Bryozoa,Membranipora membranacea,0.31561798
Marzinelli et al. 2011,10.1371/journal.pone.0021936,Ecklonia radiata,No,Bryozoa,Membranipora membranacea,0.6722336
Marzinelli et al. 2011,10.1371/journal.pone.0021936,Ecklonia radiata,No,Bryozoa,Membranipora membranacea,15.166156
Marzinelli et al. 2011,10.1371/journal.pone.0021936,Ecklonia radiata,No,Bryozoa,Membranipora membranacea,0.6615776
Marzinelli et al. 2011,10.1371/journal.pone.0021936,Ecklonia radiata,No,Bryozoa,Membranipora membranacea,0.6615776
Marzinelli et al. 2011,10.1371/journal.pone.0021936,Ecklonia radiata,No,Bryozoa,Membranipora membranacea,3.2569973
Marzinelli et al. 2011,10.1371/journal.pone.0021936,Ecklonia radiata,No,Bryozoa,Membranipora membranacea,1.832061
Marzinelli 2012,10.1080/08927014.2012.674518,Ecklonia radiata,No,Bryozoa,Membranipora membranacea,0.10342376
Marzinelli 2012,10.1080/08927014.2012.674518,Ecklonia radiata,No,Bryozoa,Membranipora membranacea,0.92095375
Marzinelli 2012,10.1080/08927014.2012.674518,Ecklonia radiata,No,Bryozoa,Membranipora membranacea,1.2241654
Marzinelli 2012,10.1080/08927014.2012.674518,Ecklonia radiata,No,Bryozoa,Membranipora membranacea,0.91935784
Marzinelli 2012,10.1080/08927014.2012.674518,Ecklonia radiata,No,Bryozoa,Membranipora membranacea,0.77835083
Marzinelli 2012,10.1080/08927014.2012.674518,Ecklonia radiata,No,Bryozoa,Membranipora membranacea,1.4917554
Marzinelli 2012,10.1080/08927014.2012.674518,Ecklonia radiata,No,Bryozoa,Membranipora membranacea,1.9571136
Marzinelli 2012,10.1080/08927014.2012.674518,Ecklonia radiata,No,Bryozoa,Membranipora membranacea,3.7872965
Marzinelli 2012,10.1080/08927014.2012.674518,Ecklonia radiata,No,Bryozoa,Membranipora membranacea,1.3141176
Marzinelli 2012,10.1080/08927014.2012.674518,Ecklonia radiata,No,Bryozoa,Membranipora membranacea,1.215448
Marzinelli et al. 2012,10.3354/meps09472,Ecklonia radiata,No,Bryozoa,Membranipora membranacea,3.5981672
Marzinelli et al. 2012,10.3354/meps09472,Ecklonia radiata,No,Bryozoa,Membranipora membranacea,5.8422265
Marzinelli et al. 2012,10.3354/meps09472,Ecklonia radiata,No,Bryozoa,Membranipora membranacea,0
Marzinelli et al. 2012,10.3354/meps09472,Ecklonia radiata,No,Bryozoa,Membranipora membranacea,0.6204536
Marzinelli et al. 2012,10.3354/meps09472,Ecklonia radiata,No,Bryozoa,Membranipora membranacea,0
Marzinelli et al. 2012,10.3354/meps09472,Ecklonia radiata,No,Bryozoa,Membranipora membranacea,0.20060141
Marzinelli et al. 2012,10.3354/meps09472,Ecklonia radiata,No,Bryozoa,Membranipora membranacea,0
Marzinelli et al. 2012,10.3354/meps09472,Ecklonia radiata,No,Bryozoa,Membranipora membranacea,0
Marzinelli et al. 2012,10.3354/meps09472,Ecklonia radiata,No,Bryozoa,Membranipora membranacea,0
Marzinelli et al. 2012,10.3354/meps09472,Ecklonia radiata,No,Bryozoa,Membranipora membranacea,0.7218935
Marzinelli et al. 2012,10.3354/meps09472,Ecklonia radiata,No,Bryozoa,Membranipora membranacea,0.46153846
Marzinelli et al. 2012,10.3354/meps09472,Ecklonia radiata,No,Bryozoa,Membranipora membranacea,2.0236685
Marzinelli et al. 2012,10.3354/meps09472,Ecklonia radiata,No,Bryozoa,Membranipora membranacea,0
Marzinelli et al. 2012,10.3354/meps09472,Ecklonia radiata,No,Bryozoa,Membranipora membranacea,0
Marzinelli et al. 2012,10.3354/meps09472,Ecklonia radiata,No,Bryozoa,Membranipora membranacea,0
Marzinelli et al. 2012,10.3354/meps09472,Ecklonia radiata,No,Bryozoa,Membranipora membranacea,0
Marzinelli et al. 2012,10.3354/meps09472,Ecklonia radiata,No,Bryozoa,Membranipora membranacea,0
Marzinelli et al. 2012,10.3354/meps09472,Ecklonia radiata,No,Bryozoa,Membranipora membranacea,0
Matsson et al. 2019,10.1016/j.aquaculture.2019.03.068,Saccharina latissima,Yes,Mix,Membranipora membranacea and Obelia geniculata,6.8929881
Matsson et al. 2019,10.1016/j.aquaculture.2019.03.068,Saccharina latissima,Yes,Mix,Membranipora membranacea and Obelia geniculata,11.10314187
Matsson et al. 2019,10.1016/j.aquaculture.2019.03.068,Saccharina latissima,Yes,Mix,Membranipora membranacea and Obelia geniculata,59.72526
Mendoza-Becerril et al. 2020,10.7717/peerj.9795,Sargassum fluitans,No,Hydrozoa,Clytia noliformis,61.088978
Mendoza-Becerril et al. 2020,10.7717/peerj.9795,Sargassum natans I,No,Hydrozoa,Halopteris diaphana,58.897743
Mendoza-Becerril et al. 2020,10.7717/peerj.9795,Sargassum natans VIII,No,Hydrozoa,Aglaophenia latecarinata,48.937584
Mendoza-Becerril et al. 2020,10.7717/peerj.9795,Sargassum fluitans,No,Hydrozoa,NA,0
Mendoza-Becerril et al. 2020,10.7717/peerj.9795,Sargassum natans I,No,Hydrozoa,NA,0
Mendoza-Becerril et al. 2020,10.7717/peerj.9795,Sargassum natans VIII,No,Hydrozoa,Aglaophenia latecarinata,55.71049
Mendoza-Becerril et al. 2020,10.7717/peerj.9795,Sargassum fluitans,No,Hydrozoa,Clytia noliformis,47.742363
Mendoza-Becerril et al. 2020,10.7717/peerj.9795,Sargassum natans I,No,Hydrozoa,NA,0
Mendoza-Becerril et al. 2020,10.7717/peerj.9795,Sargassum natans VIII,No,Hydrozoa,Aglaophenia latecarinata,59.82736
Mendoza-Becerril et al. 2020,10.7717/peerj.9795,Sargassum fluitans,No,Hydrozoa,Clytia noliformis,30.411686
Mendoza-Becerril et al. 2020,10.7717/peerj.9795,Sargassum natans I,No,Hydrozoa,Zanclea alba,0.5312085
Mendoza-Becerril et al. 2020,10.7717/peerj.9795,Sargassum natans VIII,No,Hydrozoa,Aglaophenia latecarinata,79.81408
Mendoza-Becerril et al. 2020,10.7717/peerj.9795,Sargassum fluitans,No,Hydrozoa,Clytia noliformis,9.428951
Mendoza-Becerril et al. 2020,10.7717/peerj.9795,Sargassum natans I,No,Hydrozoa,NA,0
Mendoza-Becerril et al. 2020,10.7717/peerj.9795,Sargassum natans VIII,No,Hydrozoa,Aglaophenia latecarinata,50.863213
Mendoza-Becerril et al. 2020,10.7717/peerj.9795,Sargassum fluitans,No,Hydrozoa,Clytia noliformis,29.41567
Mendoza-Becerril et al. 2020,10.7717/peerj.9795,Sargassum natans I,No,Hydrozoa,Clytia noliformis,24.236387
Mendoza-Becerril et al. 2020,10.7717/peerj.9795,Sargassum natans VIII,No,Hydrozoa,Aglaophenia latecarinata,76.42762
Mendoza-Becerril et al. 2020,10.7717/peerj.9795,Sargassum fluitans,No,Hydrozoa,Clytia noliformis,71.04913
Mendoza-Becerril et al. 2020,10.7717/peerj.9795,Sargassum natans I,No,Hydrozoa,Clytia noliformis,49.601593
Mendoza-Becerril et al. 2020,10.7717/peerj.9795,Sargassum natans VIII,No,Hydrozoa,Aglaophenia latecarinata,100
Mendoza-Becerril et al. 2020,10.7717/peerj.9795,Sargassum fluitans,No,Hydrozoa,Clytia noliformis,39.17663
Mendoza-Becerril et al. 2020,10.7717/peerj.9795,Sargassum natans I,No,Hydrozoa,NA,0
Mendoza-Becerril et al. 2020,10.7717/peerj.9795,Sargassum natans VIII,No,Hydrozoa,Aglaophenia latecarinata,54.31607
Mendoza-Becerril et al. 2020,10.7717/peerj.9795,Sargassum fluitans,No,Hydrozoa,Clytia noliformis,63.67862
Mendoza-Becerril et al. 2020,10.7717/peerj.9795,Sargassum natans I,No,Hydrozoa,Zanclea alba,10.424967
Mendoza-Becerril et al. 2020,10.7717/peerj.9795,Sargassum natans VIII,No,Hydrozoa,Aglaophenia latecarinata,83.66534
Mendoza-Becerril et al. 2020,10.7717/peerj.9795,Sargassum fluitans,No,Hydrozoa,Clytia noliformis,28.618858
Mendoza-Becerril et al. 2020,10.7717/peerj.9795,Sargassum natans I,No,Hydrozoa,Clytia noliformis,24.568394
Mendoza-Becerril et al. 2020,10.7717/peerj.9795,Sargassum natans VIII,No,Hydrozoa,Aglaophenia latecarinata,65.338646
Mendoza-Becerril et al. 2020,10.7717/peerj.9795,Sargassum fluitans,No,Hydrozoa,Clytia noliformis,50.1328
Mendoza-Becerril et al. 2020,10.7717/peerj.9795,Sargassum natans I,No,Hydrozoa,Clytia noliformis,90.30544
Mendoza-Becerril et al. 2020,10.7717/peerj.9795,Sargassum natans VIII,No,Hydrozoa,Aglaophenia latecarinata,58.16733
Mendoza-Becerril et al. 2020,10.7717/peerj.9795,Sargassum fluitans,No,Hydrozoa,Clytia noliformis,34.395752
Mendoza-Becerril et al. 2020,10.7717/peerj.9795,Sargassum natans I,No,Hydrozoa,Plumularia strictocarpa,3.4528553
Mendoza-Becerril et al. 2020,10.7717/peerj.9795,Sargassum natans VIII,No,Hydrozoa,Aglaophenia latecarinata,37.118195
"Norton 1969, 1973","10.1017/S0025315400038078, 10.1016/0022-0981(73)90072-5",Saccorhiza polyschides,No,Bryozoa,Membranipora membranacea,3.58582914
Nylund and Pavia 2005,10.3354/meps299111,Laminaria digitata,No,Bryozoa,Electra pilosa and Membranipora membranacea,34.41915
Nylund and Pavia 2005,10.3354/meps299111,Laminaria digitata,No,Bryozoa,Electra pilosa and Membranipora membranacea,31.32668777
Nylund and Pavia 2005,10.3354/meps299111,Dilsea carnosa,No,Bryozoa,Electra pilosa and Membranipora membranacea,0.520920061
Nylund and Pavia 2005,10.3354/meps299111,Dilsea carnosa,No,Bryozoa,Electra pilosa and Membranipora membranacea,1.13645209
Rolin et al. 2017,10.1007/s10811-017-1092-8,Laminaria digitata,Yes,Bryozoa,Membranipora membranacea,0
Rolin et al. 2017,10.1007/s10811-017-1092-8,Laminaria digitata,Yes,Bryozoa,Membranipora membranacea,0
Rolin et al. 2017,10.1007/s10811-017-1092-8,Laminaria digitata,Yes,Bryozoa,Membranipora membranacea,0
Rolin et al. 2017,10.1007/s10811-017-1092-8,Laminaria digitata,Yes,Bryozoa,Membranipora membranacea,5.0526314
Rolin et al. 2017,10.1007/s10811-017-1092-8,Laminaria digitata,Yes,Bryozoa,Membranipora membranacea,39.263157
Rolin et al. 2017,10.1007/s10811-017-1092-8,Laminaria digitata,Yes,Bryozoa,Membranipora membranacea,0
Rolin et al. 2017,10.1007/s10811-017-1092-8,Laminaria digitata,Yes,Bryozoa,Membranipora membranacea,0
Rolin et al. 2017,10.1007/s10811-017-1092-8,Laminaria digitata,Yes,Bryozoa,Membranipora membranacea,0
Rolin et al. 2017,10.1007/s10811-017-1092-8,Laminaria digitata,Yes,Bryozoa,Membranipora membranacea,19.473684
Rolin et al. 2017,10.1007/s10811-017-1092-8,Saccharina latissima,Yes,Bryozoa,Membranipora membranacea,0
Rolin et al. 2017,10.1007/s10811-017-1092-8,Saccharina latissima,Yes,Bryozoa,Membranipora membranacea,0
Rolin et al. 2017,10.1007/s10811-017-1092-8,Saccharina latissima,Yes,Bryozoa,Membranipora membranacea,0.28965202
Rolin et al. 2017,10.1007/s10811-017-1092-8,Saccharina latissima,Yes,Bryozoa,Membranipora membranacea,0
Rolin et al. 2017,10.1007/s10811-017-1092-8,Saccharina latissima,Yes,Bryozoa,Membranipora membranacea,2.9535844
Rolin et al. 2017,10.1007/s10811-017-1092-8,Saccharina latissima,Yes,Bryozoa,Membranipora membranacea,0
Rolin et al. 2017,10.1007/s10811-017-1092-8,Saccharina latissima,Yes,Bryozoa,Membranipora membranacea,0
Rolin et al. 2017,10.1007/s10811-017-1092-8,Saccharina latissima,Yes,Bryozoa,Membranipora membranacea,0
Rolin et al. 2017,10.1007/s10811-017-1092-8,Saccharina latissima,Yes,Bryozoa,Membranipora membranacea,0
Rothäusler et al. 2011,10.4319/lo.2011.56.5.1751,Macrocystis pyrifera,No,Bryozoa,Membranipora isabelleana,0.3393547
Rothäusler et al. 2011,10.4319/lo.2011.56.5.1751,Macrocystis pyrifera,No,Bryozoa,Membranipora isabelleana,0.01794552
Rothäusler et al. 2011,10.4319/lo.2011.56.5.1751,Macrocystis pyrifera,No,Bryozoa,Membranipora isabelleana,0.6287933
Rothäusler et al. 2011,10.4319/lo.2011.56.5.1751,Macrocystis pyrifera,No,Bryozoa,Membranipora isabelleana,5.6966643
Rothäusler et al. 2011,10.4319/lo.2011.56.5.1751,Macrocystis pyrifera,No,Bryozoa,Membranipora isabelleana,2.0530236
Rothäusler et al. 2011,10.4319/lo.2011.56.5.1751,Macrocystis pyrifera,No,Bryozoa,Membranipora isabelleana,1.1480349
Rothäusler et al. 2011,10.4319/lo.2011.56.5.1751,Macrocystis pyrifera,No,Bryozoa,Membranipora isabelleana,0.2657057
Rothäusler et al. 2011,10.4319/lo.2011.56.5.1751,Macrocystis pyrifera,No,Bryozoa,Membranipora isabelleana,0.15006329
Rothäusler et al. 2011,10.4319/lo.2011.56.5.1751,Macrocystis pyrifera,No,Bryozoa,Membranipora isabelleana,0.5120424
Rothäusler et al. 2011,10.4319/lo.2011.56.5.1751,Macrocystis pyrifera,No,Bryozoa,Membranipora isabelleana,1.9826299
Rothäusler et al. 2011,10.4319/lo.2011.56.5.1751,Macrocystis pyrifera,No,Bryozoa,Membranipora isabelleana,0.3741956
Rothäusler et al. 2011,10.4319/lo.2011.56.5.1751,Macrocystis pyrifera,No,Bryozoa,Membranipora isabelleana,0.6230643
Rothäusler et al. 2011,10.4319/lo.2011.56.5.1751,Macrocystis pyrifera,No,Bryozoa,Membranipora isabelleana,5.849306
Rothäusler et al. 2011,10.4319/lo.2011.56.5.1751,Macrocystis pyrifera,No,Bryozoa,Membranipora isabelleana,14.333466
Rothäusler et al. 2011,10.4319/lo.2011.56.5.1751,Macrocystis pyrifera,No,Bryozoa,Membranipora isabelleana,0.322786
Rothäusler et al. 2011,10.4319/lo.2011.56.5.1751,Macrocystis pyrifera,No,Bryozoa,Membranipora isabelleana,2.0196412
Rothäusler et al. 2011,10.4319/lo.2011.56.5.1751,Macrocystis pyrifera,No,Bryozoa,Membranipora isabelleana,4.2594824
Rothäusler et al. 2011,10.4319/lo.2011.56.5.1751,Macrocystis pyrifera,No,Bryozoa,Membranipora isabelleana,6.024129
Rothäusler et al. 2011,10.4319/lo.2011.56.5.1751,Macrocystis pyrifera,No,Bryozoa,Membranipora isabelleana,6.3635654
Rothäusler et al. 2011,10.4319/lo.2011.56.5.1751,Macrocystis pyrifera,No,Bryozoa,Membranipora isabelleana,13.331877
Rothäusler et al. 2011,10.4319/lo.2011.56.5.1751,Macrocystis pyrifera,No,Bryozoa,Membranipora isabelleana,0.86236507
Rothäusler et al. 2011,10.4319/lo.2011.56.5.1751,Macrocystis pyrifera,No,Bryozoa,Membranipora isabelleana,1.8125559
Rothäusler et al. 2011,10.4319/lo.2011.56.5.1751,Macrocystis pyrifera,No,Bryozoa,Membranipora isabelleana,3.8261647
Rothäusler et al. 2011,10.4319/lo.2011.56.5.1751,Macrocystis pyrifera,No,Bryozoa,Membranipora isabelleana,5.3872266
Rothäusler et al. 2011,10.4319/lo.2011.56.5.1751,Macrocystis pyrifera,No,Bryozoa,Membranipora isabelleana,5.907565
Rothäusler et al. 2011,10.4319/lo.2011.56.5.1751,Macrocystis pyrifera,No,Bryozoa,Membranipora isabelleana,9.233378
Rothäusler et al. 2011,10.4319/lo.2011.56.5.1751,Macrocystis pyrifera,No,Bryozoa,Membranipora isabelleana,20.274063
Rothäusler et al. 2011,10.4319/lo.2011.56.5.1751,Macrocystis pyrifera,No,Bryozoa,Membranipora isabelleana,20.907547
Scheibling and Gagnon 2009,10.3354/meps08207,Saccharina longicruris,No,Bryozoa,Membranipora membranacea,1.9301316
Scheibling and Gagnon 2009,10.3354/meps08207,Saccharina longicruris,No,Bryozoa,Membranipora membranacea,19.98314
Scheibling and Gagnon 2009,10.3354/meps08207,Saccharina longicruris,No,Bryozoa,Membranipora membranacea,9.1239195
Scheibling and Gagnon 2009,10.3354/meps08207,Saccharina longicruris,No,Bryozoa,Membranipora membranacea,0
Scheibling and Gagnon 2009,10.3354/meps08207,Saccharina longicruris,No,Bryozoa,Membranipora membranacea,0
Scheibling and Gagnon 2009,10.3354/meps08207,Saccharina longicruris,No,Bryozoa,Membranipora membranacea,2.9047446
Scheibling and Gagnon 2009,10.3354/meps08207,Saccharina longicruris,No,Bryozoa,Membranipora membranacea,1.6286503
Scheibling and Gagnon 2009,10.3354/meps08207,Saccharina longicruris,No,Bryozoa,Membranipora membranacea,10.575593
Scheibling and Gagnon 2009,10.3354/meps08207,Saccharina longicruris,No,Bryozoa,Membranipora membranacea,44.282494
Scheibling and Gagnon 2009,10.3354/meps08207,Saccharina longicruris,No,Bryozoa,Membranipora membranacea,52.5903
Scheibling and Gagnon 2009,10.3354/meps08207,Saccharina longicruris,No,Bryozoa,Membranipora membranacea,62.976032
Scheibling and Gagnon 2009,10.3354/meps08207,Saccharina longicruris,No,Bryozoa,Membranipora membranacea,0.6857067
Scheibling and Gagnon 2009,10.3354/meps08207,Saccharina longicruris,No,Bryozoa,Membranipora membranacea,0.6883458
Scheibling and Gagnon 2009,10.3354/meps08207,Saccharina longicruris,No,Bryozoa,Membranipora membranacea,1.6494528
Scheibling and Gagnon 2009,10.3354/meps08207,Saccharina longicruris,No,Bryozoa,Membranipora membranacea,19.382507
Scheibling and Gagnon 2009,10.3354/meps08207,Saccharina longicruris,No,Bryozoa,Membranipora membranacea,20.98166
Scheibling and Gagnon 2009,10.3354/meps08207,Saccharina longicruris,No,Bryozoa,Membranipora membranacea,1.8178911
Scheibling and Gagnon 2009,10.3354/meps08207,Saccharina longicruris,No,Bryozoa,Membranipora membranacea,0.06333899
Scheibling and Gagnon 2009,10.3354/meps08207,Saccharina longicruris,No,Bryozoa,Membranipora membranacea,0.38655412
Scheibling and Gagnon 2009,10.3354/meps08207,Saccharina longicruris,No,Bryozoa,Membranipora membranacea,23.235785
Scheibling and Gagnon 2009,10.3354/meps08207,Saccharina longicruris,No,Bryozoa,Membranipora membranacea,0.262981
Scheibling and Gagnon 2009,10.3354/meps08207,Saccharina longicruris,No,Bryozoa,Membranipora membranacea,0.10665168
Scheibling and Gagnon 2009,10.3354/meps08207,Saccharina longicruris,No,Bryozoa,Membranipora membranacea,2.9828317
Scheibling and Gagnon 2009,10.3354/meps08207,Saccharina longicruris,No,Bryozoa,Membranipora membranacea,20.716507
Scheibling and Gagnon 2009,10.3354/meps08207,Saccharina longicruris,No,Bryozoa,Membranipora membranacea,48.83312
Scheibling and Gagnon 2009,10.3354/meps08207,Saccharina longicruris,No,Bryozoa,Membranipora membranacea,0.5998575
Scheibling and Gagnon 2009,10.3354/meps08207,Saccharina longicruris,No,Bryozoa,Membranipora membranacea,0.4425967
Scheibling and Gagnon 2009,10.3354/meps08207,Saccharina longicruris,No,Bryozoa,Membranipora membranacea,0.60622245
Scheibling and Gagnon 2009,10.3354/meps08207,Saccharina longicruris,No,Bryozoa,Membranipora membranacea,1.8846455
Scheibling and Gagnon 2009,10.3354/meps08207,Saccharina longicruris,No,Bryozoa,Membranipora membranacea,25.608822
Scheibling and Gagnon 2009,10.3354/meps08207,Saccharina longicruris,No,Bryozoa,Membranipora membranacea,20.819588
Scheibling and Gagnon 2009,10.3354/meps08207,Saccharina longicruris,No,Bryozoa,Membranipora membranacea,13.954061
Scheibling and Gagnon 2009,10.3354/meps08207,Saccharina longicruris,No,Bryozoa,Membranipora membranacea,1.8961334
Scheibling and Gagnon 2009,10.3354/meps08207,Saccharina longicruris,No,Bryozoa,Membranipora membranacea,1.1806978
Scheibling and Gagnon 2009,10.3354/meps08207,Saccharina longicruris,No,Bryozoa,Membranipora membranacea,1.1823277
Scheibling and Gagnon 2009,10.3354/meps08207,Saccharina longicruris,No,Bryozoa,Membranipora membranacea,0.70542246
Scheibling and Gagnon 2009,10.3354/meps08207,Saccharina longicruris,No,Bryozoa,Membranipora membranacea,82.49709
Scheibling and Gagnon 2009,10.3354/meps08207,Saccharina longicruris,No,Bryozoa,Membranipora membranacea,74.67015
Scheibling and Gagnon 2009,10.3354/meps08207,Saccharina longicruris,No,Bryozoa,Membranipora membranacea,18.366522
Scheibling and Gagnon 2009,10.3354/meps08207,Saccharina longicruris,No,Bryozoa,Membranipora membranacea,1.1983178
Scheibling and Gagnon 2009,10.3354/meps08207,Saccharina longicruris,No,Bryozoa,Membranipora membranacea,25.564655
Scheibling and Gagnon 2009,10.3354/meps08207,Saccharina longicruris,No,Bryozoa,Membranipora membranacea,0.28277445
Scheibling and Gagnon 2009,10.3354/meps08207,Saccharina longicruris,No,Bryozoa,Membranipora membranacea,1.2822264
Scheibling and Gagnon 2009,10.3354/meps08207,Saccharina longicruris,No,Bryozoa,Membranipora membranacea,28.362904
Scheibling and Gagnon 2009,10.3354/meps08207,Saccharina longicruris,No,Bryozoa,Membranipora membranacea,0
Scheibling and Gagnon 2009,10.3354/meps08207,Saccharina longicruris,No,Bryozoa,Membranipora membranacea,0
Scheibling and Gagnon 2009,10.3354/meps08207,Saccharina longicruris,No,Bryozoa,Membranipora membranacea,0.18225484
Scheibling and Gagnon 2009,10.3354/meps08207,Saccharina longicruris,No,Bryozoa,Membranipora membranacea,6.1755514
Scheibling and Gagnon 2009,10.3354/meps08207,Saccharina longicruris,No,Bryozoa,Membranipora membranacea,16.161377
Scheibling and Gagnon 2009,10.3354/meps08207,Saccharina longicruris,No,Bryozoa,Membranipora membranacea,0
Scheibling and Gagnon 2009,10.3354/meps08207,Saccharina longicruris,No,Bryozoa,Membranipora membranacea,0
Scheibling and Gagnon 2009,10.3354/meps08207,Saccharina longicruris,No,Bryozoa,Membranipora membranacea,0
Scheibling and Gagnon 2009,10.3354/meps08207,Saccharina longicruris,No,Bryozoa,Membranipora membranacea,4.439551
Scheibling and Gagnon 2009,10.3354/meps08207,Saccharina longicruris,No,Bryozoa,Membranipora membranacea,8.434953
Scheibling and Gagnon 2009,10.3354/meps08207,Saccharina longicruris,No,Bryozoa,Membranipora membranacea,35.43529
Scheibling and Gagnon 2009,10.3354/meps08207,Saccharina longicruris,No,Bryozoa,Membranipora membranacea,0.057750255
Scheibling and Gagnon 2009,10.3354/meps08207,Saccharina longicruris,No,Bryozoa,Membranipora membranacea,0
Scheibling and Gagnon 2009,10.3354/meps08207,Saccharina longicruris,No,Bryozoa,Membranipora membranacea,0
Scheibling and Gagnon 2009,10.3354/meps08207,Saccharina longicruris,No,Bryozoa,Membranipora membranacea,17.002327
Scheibling and Gagnon 2009,10.3354/meps08207,Saccharina longicruris,No,Bryozoa,Membranipora membranacea,41.926296
Zagal et al. 2013,10.1007/s10750-013-1627-1,Ecklonia radiata,No,Hydrozoa,Obelia spp.,5.48121
Zagal et al. 2013,10.1007/s10750-013-1627-1,Ecklonia radiata,No,Hydrozoa,Obelia spp.,4.436296925
Zagal et al. 2013,10.1007/s10750-013-1627-1,Ecklonia radiata,No,Hydrozoa,Obelia spp.,3.70302485
Zagal et al. 2013,10.1007/s10750-013-1627-1,Ecklonia radiata,No,Hydrozoa,Obelia spp.,4.06966085
Zagal et al. 2013,10.1007/s10750-013-1627-1,Ecklonia radiata,No,Hydrozoa,Obelia spp.,6.2694772
Zagal et al. 2013,10.1007/s10750-013-1627-1,Ecklonia radiata,No,Hydrozoa,Obelia spp.,4.7112741