Species,Site,Chl.a,Chl.c
Laminaria digitata,Mount Batten,1.724386199,0.150763642
Laminaria digitata,Mount Batten,2.056785777,0.124737994
Laminaria digitata,Mount Batten,1.656332352,0.118491996
Laminaria digitata,Mount Batten,1.094158536,0.076344416
Laminaria digitata,Mount Batten,1.261654265,0.072091366
Laminaria digitata,Mount Batten,1.766664976,0.164630481
Laminaria digitata,Mount Batten,1.02031245,0.067373583
Laminaria digitata,Mount Batten,1.196169447,0.100528956
Laminaria digitata,Mount Batten,1.248641021,0.148407317
Laminaria digitata,Mount Batten,1.215111961,0.103452123
Laminaria digitata,Mount Batten,1.127583988,0.11335065
Laminaria digitata,Mount Batten,2.130631067,0.191655254
Laminaria digitata,Mount Batten,2.290604506,0.130081903
Laminaria digitata,Mount Batten,1.271839294,0.100579903
Laminaria digitata,Mount Batten,1.27820874,0.104092047
Laminaria digitata,Mount Batten,1.336373516,0.099823009
Laminaria hyperborea,Mount Batten,1.4558019,0.134146521
Laminaria hyperborea,Mount Batten,1.341468397,0.096133888
Laminaria hyperborea,Mount Batten,1.128572924,0.08211657
Laminaria hyperborea,Mount Batten,1.219968878,0.103086164
Laminaria hyperborea,Mount Batten,1.225091037,0.105696948
Laminaria hyperborea,Mount Batten,1.019479745,0.081141583
Laminaria hyperborea,Mount Batten,0.95102829,0.066317264
Laminaria hyperborea,Mount Batten,0.890139648,0.096329684
Laminaria hyperborea,Mount Batten,0.912577337,0.063212054
Laminaria hyperborea,Mount Batten,1.020030592,0.065808304
Laminaria hyperborea,Mount Batten,0.997401021,0.084495912
Laminaria hyperborea,Mount Batten,0.931141749,0.092773922
Laminaria hyperborea,Mount Batten,1.776703945,0.106206555
Laminaria hyperborea,Mount Batten,1.010634607,0.116176562
Laminaria ochroleuca,Mount Batten,0.838723501,0.066107095
Laminaria ochroleuca,Mount Batten,1.375661451,0.144884066
Laminaria ochroleuca,Mount Batten,1.363911553,0.166531042
Laminaria ochroleuca,Mount Batten,1.205700904,0.128757269
Laminaria ochroleuca,Mount Batten,1.071234009,0.121926178
Laminaria ochroleuca,Mount Batten,1.116662338,0.137438999
Laminaria ochroleuca,Mount Batten,1.043706992,0.093121117
Laminaria ochroleuca,Mount Batten,1.07989241,0.102046499
Laminaria ochroleuca,Mount Batten,1.023487599,0.091548125
Laminaria ochroleuca,Mount Batten,0.913653788,0.079433086
Laminaria ochroleuca,Mount Batten,0.901271971,0.075463138
Laminaria ochroleuca,Mount Batten,0.952523862,0.076344916
Laminaria ochroleuca,Mount Batten,0.993028289,0.0847476
Laminaria ochroleuca,Mount Batten,1.151826479,0.088005436
Laminaria ochroleuca,Mount Batten,0.980574497,0.085553928
Laminaria ochroleuca,Mount Batten,1.08095676,0.093976673
Laminaria ochroleuca,Mount Batten,1.061002581,0.108581043
Laminaria ochroleuca,Mount Batten,1.129479936,0.087048591
Laminaria digitata,West Hoe,0.943879819,0.079648476
Laminaria digitata,West Hoe,1.070638939,0.083804518
Laminaria digitata,West Hoe,0.837028121,0.077874871
Laminaria digitata,West Hoe,1.346475518,0.131411156
Laminaria digitata,West Hoe,1.113019164,0.123633393
Laminaria digitata,West Hoe,1.291069736,0.126315179
Laminaria digitata,West Hoe,1.159399186,0.112362316
Laminaria digitata,West Hoe,1.108096223,0.109825889
Laminaria digitata,West Hoe,0.935531467,0.096367973
Laminaria hyperborea,West Hoe,0.667704629,0.030184043
Laminaria hyperborea,West Hoe,1.168266832,0.096299998
Laminaria hyperborea,West Hoe,0.5404961,0.048319077
Laminaria hyperborea,West Hoe,1.293421495,0.1242711
Laminaria hyperborea,West Hoe,1.084280712,0.093378456
Laminaria hyperborea,West Hoe,1.574627054,0.201249933
Laminaria hyperborea,West Hoe,1.250283025,0.131228965
Laminaria hyperborea,West Hoe,0.788255351,0.048096445
Laminaria hyperborea,West Hoe,0.858728534,0.056659519
Laminaria ochroleuca,West Hoe,0.35088274,0.04034865
Laminaria ochroleuca,West Hoe,0.432925235,0.058465485
Laminaria ochroleuca,West Hoe,0.975002682,0.147911217
Laminaria ochroleuca,West Hoe,0.437936149,0.057583339
Laminaria ochroleuca,West Hoe,0.667318832,0.080774154
Laminaria ochroleuca,West Hoe,0.423007678,0.052018316
Laminaria ochroleuca,West Hoe,0.354325709,0.047425167
Laminaria ochroleuca,West Hoe,0.600052613,0.074316682
Laminaria ochroleuca,West Hoe,0.873536482,0.120508177
Laminaria digitata,West Hoe,0.989029172,0.072764531
Laminaria digitata,West Hoe,1.159951142,0.09937478
Laminaria digitata,West Hoe,1.304382627,0.110015268
Laminaria digitata,West Hoe,0.861105751,0.076022457
Laminaria digitata,West Hoe,0.969377106,0.073567483
Laminaria digitata,West Hoe,1.158993919,0.10857388
Laminaria digitata,West Hoe,1.748536834,0.139806463
Laminaria digitata,West Hoe,1.576892721,0.124256688
Laminaria digitata,West Hoe,1.003190169,0.080029889
Laminaria hyperborea,West Hoe,1.026316148,0.119702768
Laminaria hyperborea,West Hoe,1.355817929,0.109965297
Laminaria hyperborea,West Hoe,0.801283418,0.085811282
Laminaria hyperborea,West Hoe,1.520034869,0.15141588
Laminaria hyperborea,West Hoe,0.721004288,0.053881248
Laminaria hyperborea,West Hoe,1.434934873,0.172316094
Laminaria hyperborea,West Hoe,0.912694529,0.087035624
Laminaria hyperborea,West Hoe,1.763848221,0.178525595
Laminaria hyperborea,West Hoe,1.330435037,0.099547681
Laminaria ochroleuca,West Hoe,0.764593374,0.087508647
Laminaria ochroleuca,West Hoe,0.893561284,0.099751836
Laminaria ochroleuca,West Hoe,1.030223109,0.114630175
Laminaria ochroleuca,West Hoe,0.849034405,0.112350767
Laminaria ochroleuca,West Hoe,0.824990819,0.110647815
Laminaria ochroleuca,West Hoe,1.043527476,0.11641768
Laminaria ochroleuca,West Hoe,0.705168118,0.081347577
Laminaria ochroleuca,West Hoe,0.278463739,0.031874468
Laminaria ochroleuca,West Hoe,1.152265655,0.15611517
Laminaria digitata,West Hoe,1.035856687,0.091187796
Laminaria digitata,West Hoe,1.056718345,0.105879936
Laminaria digitata,West Hoe,1.003636594,0.081678608
Laminaria digitata,West Hoe,1.100463924,0.109774366
Laminaria digitata,West Hoe,1.099502585,0.104761561
Laminaria digitata,West Hoe,1.257815576,0.11976114
Laminaria digitata,West Hoe,1.037649448,0.099004011
Laminaria digitata,West Hoe,0.84238342,0.055198892
Laminaria digitata,West Hoe,0.965495859,0.082121023
Laminaria hyperborea,West Hoe,1.038963855,0.12176977
Laminaria hyperborea,West Hoe,1.048799119,0.129565786
Laminaria hyperborea,West Hoe,0.774653702,0.061335498
Laminaria hyperborea,West Hoe,0.650940105,0.046735266
Laminaria hyperborea,West Hoe,1.171099786,0.11452279
Laminaria hyperborea,West Hoe,0.900888368,0.095982987
Laminaria hyperborea,West Hoe,1.049607738,0.088562673
Laminaria hyperborea,West Hoe,1.047193823,0.098114268
Laminaria hyperborea,West Hoe,1.104948053,0.094199248
Laminaria ochroleuca,West Hoe,0.416482893,0.03213441
Laminaria ochroleuca,West Hoe,0.51657235,0.055749213
Laminaria ochroleuca,West Hoe,0.3428733,0.02983545
Laminaria ochroleuca,West Hoe,0.512414731,0.05280474
Laminaria ochroleuca,West Hoe,0.265812367,0.021867655
Laminaria ochroleuca,West Hoe,0.455599073,0.040814477
Laminaria ochroleuca,West Hoe,0.487948139,0.05190995
Laminaria ochroleuca,West Hoe,0.669868285,0.071028285
Laminaria ochroleuca,West Hoe,0.848353268,0.077922381
Laminaria digitata,Walter Rocks,1.340830242,0.055528216
Laminaria digitata,Walter Rocks,1.244619314,0.053243866
Laminaria digitata,Walter Rocks,1.140909854,0.039947764
Laminaria digitata,Walter Rocks,1.014626212,0.012888876
Laminaria digitata,Walter Rocks,1.223360741,0.049186925
Laminaria digitata,Walter Rocks,1.251482456,0.061867536
Laminaria digitata,Walter Rocks,1.264011453,0.047027454
Laminaria digitata,Walter Rocks,1.292196229,0.025296726
Laminaria digitata,Walter Rocks,1.36289764,0.054005201
Laminaria digitata,Walter Rocks,1.549072847,0.068960567
Laminaria digitata,Walter Rocks,1.452118736,0.070306246
Laminaria digitata,Walter Rocks,1.35942389,0.042443504
Laminaria digitata,Walter Rocks,1.548253224,0.031665517
Laminaria digitata,Walter Rocks,1.035047662,0.011220833
Laminaria digitata,Walter Rocks,0.955609018,0.032633094
Laminaria digitata,Walter Rocks,1.095796482,0.044182661
Laminaria digitata,Walter Rocks,1.129928538,0.001975748
Laminaria digitata,Walter Rocks,0.589266255,0.025712307
Laminaria digitata,Walter Rocks,0.506576762,0.005483671
Laminaria digitata,Walter Rocks,0.518728645,0.011875015
Laminaria digitata,Walter Rocks,0.568713335,0.014727443
Laminaria digitata,Walter Rocks,0.463899706,0.013239654
Laminaria digitata,Walter Rocks,0.544079254,0.003547301
Laminaria digitata,Walter Rocks,0.52228434,0.022097552
Laminaria digitata,Walter Rocks,1.278760043,0.056400576
Laminaria hyperborea,Walter Rocks,0.777946724,0.023563726
Laminaria hyperborea,Walter Rocks,0.935698966,0.039062329
Laminaria hyperborea,Walter Rocks,1.03868281,0.037633272
Laminaria hyperborea,Walter Rocks,0.934929815,0.024765348
Laminaria hyperborea,Walter Rocks,1.130239242,0.042300501
Laminaria hyperborea,Walter Rocks,1.07567762,0.035301378
Laminaria hyperborea,Walter Rocks,0.991094116,0.031574312
Laminaria hyperborea,Walter Rocks,0.803488855,0.022258385
Laminaria hyperborea,Walter Rocks,0.887357051,0.02988922
Laminaria hyperborea,Walter Rocks,1.153888944,0.056849644
Laminaria hyperborea,Walter Rocks,0.546537941,0.01526294
Laminaria hyperborea,Walter Rocks,0.657899432,0.032586582
Laminaria hyperborea,Walter Rocks,0.793126253,0.03476271
Laminaria hyperborea,Walter Rocks,0.641478282,0.031878169
Laminaria hyperborea,Walter Rocks,0.545805106,0.028486692
Laminaria hyperborea,Walter Rocks,0.564710607,0.031911399
Laminaria hyperborea,Walter Rocks,0.660121153,0.025430389
Laminaria hyperborea,Walter Rocks,0.300637679,0.009393773
Laminaria hyperborea,Walter Rocks,0.285198541,0
Laminaria hyperborea,Walter Rocks,0.294699491,0.004719619
Laminaria hyperborea,Walter Rocks,0.345881311,0.007006028
Laminaria hyperborea,Walter Rocks,0.468024491,0.010614486
Laminaria hyperborea,Walter Rocks,0.266335327,0.003338704
Laminaria hyperborea,Walter Rocks,0.248043048,0.000553846
Laminaria hyperborea,Walter Rocks,0.435756327,0.023695212
Saccharina latissima,Walter Rocks,0.56672329,0.093994855
Saccharina latissima,Walter Rocks,0.51961923,0.074574007
Saccharina latissima,Walter Rocks,0.613246179,0.06935689
Saccharina latissima,Walter Rocks,0.687083524,0.072269133
Saccharina latissima,Walter Rocks,0.450264242,0.069001414
Saccharina latissima,Walter Rocks,0.674102057,0.07629395
Saccharina latissima,Walter Rocks,0.752911613,0.074013002
Saccharina latissima,Walter Rocks,0.526626204,0.085269563
Saccharina latissima,Walter Rocks,0.89531326,0.12159862
Saccharina latissima,Walter Rocks,0.497288563,0.075167302
Saccharina latissima,Walter Rocks,0.843724872,0.045671983
Saccharina latissima,Walter Rocks,0.948136375,0.042846162
Saccharina latissima,Walter Rocks,0.699785886,0.040277575
Saccharina latissima,Walter Rocks,0.367518177,0.043489686
Saccharina latissima,Walter Rocks,0.826611913,0.050755717
Saccharina latissima,Walter Rocks,0.864496094,0.067810254
Saccharina latissima,Walter Rocks,0.845196023,0.051580107
Saccharina latissima,Walter Rocks,0.457883508,0.013175645
Saccharina latissima,Walter Rocks,0.612020599,0.037282499
Saccharina latissima,Walter Rocks,0.72882711,0.013387334
Saccharina latissima,Walter Rocks,0.529662001,0.021377413
Saccharina latissima,Walter Rocks,0.752228829,0.046965842
Saccharina latissima,Walter Rocks,0.593434398,0.014636278
Saccharina latissima,Walter Rocks,0.549427091,0.031938765
Saccharina latissima,Walter Rocks,0.527368252,0.026811178
Saccorhiza polyschides,Walter Rocks,1.988067739,0.244748967
Saccorhiza polyschides,Walter Rocks,2.675593656,0.205148931
Saccorhiza polyschides,Walter Rocks,2.540969366,0.25179614
Saccorhiza polyschides,Walter Rocks,2.742272472,0.178273628
Saccorhiza polyschides,Walter Rocks,2.922205562,0.161294265
Saccorhiza polyschides,Walter Rocks,2.778674264,0.207133079
Saccorhiza polyschides,Walter Rocks,2.162612011,0.160520926
Saccorhiza polyschides,Walter Rocks,1.779335497,0.123390782
Saccorhiza polyschides,Walter Rocks,3.019062471,0.222380522
Saccorhiza polyschides,Walter Rocks,2.593595619,0.208706925
Saccorhiza polyschides,Walter Rocks,1.211064968,0.072182679
Saccorhiza polyschides,Walter Rocks,0.998208182,0.054883972
Saccorhiza polyschides,Walter Rocks,1.297058045,0.080512728
Saccorhiza polyschides,Walter Rocks,0.470023846,0.032633291
Saccorhiza polyschides,Walter Rocks,1.356717859,0.089235298
Saccorhiza polyschides,Walter Rocks,1.52550783,0.120979495
Saccorhiza polyschides,Walter Rocks,1.414772849,0.08854783
Saccorhiza polyschides,Walter Rocks,1.046389256,0
Saccorhiza polyschides,Walter Rocks,1.544160598,0.04493943
Saccorhiza polyschides,Walter Rocks,0.846102301,0.029296613
Saccorhiza polyschides,Walter Rocks,1.421969395,0.002340281
Saccorhiza polyschides,Walter Rocks,0.610018332,0.025687467
Saccorhiza polyschides,Walter Rocks,0.927481098,0.058241817
Saccorhiza polyschides,Walter Rocks,0.913017028,0.057292335
Saccorhiza polyschides,Walter Rocks,0.36550804,0.009094558
Laminaria digitata,Walter Rocks,0.70858388,0.019104754
Laminaria digitata,Walter Rocks,1.193617347,0.050139802
Laminaria digitata,Walter Rocks,0.932051753,0.035864706
Laminaria hyperborea,Walter Rocks,0.538052698,0.025976802
Laminaria hyperborea,Walter Rocks,0.655153425,0.031665377
Laminaria hyperborea,Walter Rocks,0.60987855,0.008245652
Saccharina latissima,Walter Rocks,1.512796893,0.096104746
Saccharina latissima,Walter Rocks,2.40610566,0.143208862
Saccharina latissima,Walter Rocks,1.78039474,0.105042375
Saccorhiza polyschides,Walter Rocks,1.04761003,0.058746804
Saccorhiza polyschides,Walter Rocks,0.866332733,0.047791091
Saccorhiza polyschides,Walter Rocks,1.714684596,0.100945671
Laminaria digitata,Walter Rocks,0.808261104,0.027961438
Laminaria digitata,Walter Rocks,0.691145739,0.034471223
Laminaria digitata,Walter Rocks,0.899283784,0.039609491
Laminaria hyperborea,Walter Rocks,0.471674313,0.029690145
Laminaria hyperborea,Walter Rocks,0.461941876,0.025110837
Laminaria hyperborea,Walter Rocks,0.44885737,0.025395643
Saccharina latissima,Walter Rocks,1.328395146,0.069457293
Saccharina latissima,Walter Rocks,0.946673449,0.05637552
Saccharina latissima,Walter Rocks,0.89314855,0.056597699
Saccorhiza polyschides,Walter Rocks,0.883732389,0.001013633
Saccorhiza polyschides,Walter Rocks,0.563284394,0.021434303
Laminaria digitata,Walter Rocks,0.833603234,0.027538933
Laminaria digitata,Walter Rocks,0.57757747,0.020158382
Laminaria hyperborea,Walter Rocks,0.606081251,0.040600155
Laminaria hyperborea,Walter Rocks,0.554761103,0.032717135
Saccharina latissima,Walter Rocks,1.618850694,0.112428673
Saccorhiza polyschides,Walter Rocks,0.795034078,0.048732541
Saccorhiza polyschides,Walter Rocks,0.46811069,0.019325111
Laminaria hyperborea,Walter Rocks,0.527618778,0.027333871
Laminaria hyperborea,Walter Rocks,0.541959928,0.034610084
Laminaria digitata,Walter Rocks,0.811665827,0.03474233
Saccharina latissima,Walter Rocks,1.055115145,0.054606834
Saccharina latissima,Walter Rocks,0.92352245,0.05257795
Laminaria digitata,Walter Rocks,0.908796619,0.026653569
Laminaria digitata,Walter Rocks,0.880250624,0.032291
Laminaria digitata,Walter Rocks,0.813065406,0.042423367
Laminaria hyperborea,Walter Rocks,0.540347817,0.014022342
Laminaria hyperborea,Walter Rocks,0.459577933,0.021850064
Saccharina latissima,Walter Rocks,1.334173846,0.103580047
Saccorhiza polyschides,Walter Rocks,0.667201334,0.03461701
Laminaria digitata,Walter Rocks,1.307556319,0.045957556
Laminaria digitata,Walter Rocks,1.07329793,0.029820117
Laminaria digitata,Walter Rocks,0.566129423,0.014039987
Laminaria hyperborea,Walter Rocks,0.555280726,0.033483183
Laminaria hyperborea,Walter Rocks,0.48695646,0.028411316
Saccharina latissima,Walter Rocks,0.562604867,0.016900211
Laminaria digitata,Walter Rocks,0.864260391,0.030126181
Laminaria hyperborea,Walter Rocks,0.488904676,0.03080318
Saccorhiza polyschides,Walter Rocks,1.359592226,0.109588232
Saccorhiza polyschides,Walter Rocks,1.369969892,0.093162363
Laminaria digitata,Walter Rocks,0.803646658,0.01641845
Laminaria digitata,Walter Rocks,0.77844221,0.033860214
Laminaria digitata,Walter Rocks,0.897184852,0.039813192
Laminaria hyperborea,Walter Rocks,0.472419838,0.028156602
Laminaria hyperborea,Walter Rocks,0.484159695,0.029474851
Laminaria hyperborea,Walter Rocks,0.519112798,0.033541431
Saccharina latissima,Walter Rocks,1.879894937,0.151129126
Saccharina latissima,Walter Rocks,1.811469383,0.154229632
Laminaria digitata,Walter Rocks,0.682975683,0.029188543
Laminaria hyperborea,Walter Rocks,0.6000715,0.039616308
Laminaria hyperborea,Walter Rocks,0.496500018,0.029371074
Saccharina latissima,Walter Rocks,1.349384162,0.175230509
Laminaria digitata,Walter Rocks,0.83744725,0.036549813
Laminaria digitata,Walter Rocks,0.926657195,0.036625377
Laminaria hyperborea,Walter Rocks,0.459871786,0.027560636
Laminaria hyperborea,Walter Rocks,0.426413303,0.026498124
Laminaria digitata,Walter Rocks,0.785748307,0.025283843
Laminaria hyperborea,Walter Rocks,0.642442135,0.03882438
Laminaria hyperborea,Walter Rocks,0.67815112,0.026944203
Saccharina latissima,Walter Rocks,1.214673893,0.080085159
Saccorhiza polyschides,Walter Rocks,1.169552143,0.078435606
Saccorhiza polyschides,Walter Rocks,0.858993819,0.054987639
Saccorhiza polyschides,Walter Rocks,1.246438537,0.168506314
Laminaria digitata,Walter Rocks,0.879527511,0.039454401
Laminaria digitata,Walter Rocks,0.774833767,0.026137996
Laminaria hyperborea,Walter Rocks,0.675148457,0.022942386
Saccharina latissima,Walter Rocks,0.77813943,0.046821409
Saccharina latissima,Walter Rocks,1.088313162,0.067115556
Ecklonia radiata,Karitane,1.73418312,0.276154672
Ecklonia radiata,Karitane,2.177789792,0.334138981
Ecklonia radiata,Karitane,0.706674519,0.33069757
Ecklonia radiata,Karitane,0.267225722,0.223627328
Ecklonia radiata,Karitane,3.005901454,0.525543631
Dictyota kunthii,Karitane,2.475187856,0.23607543
Dictyota kunthii,Karitane,3.658133404,0.36345594
Dictyota kunthii,Karitane,2.236204431,0.177879251
Dictyota kunthii,Karitane,2.222061535,0.295846965
Dictyota kunthii,Karitane,2.627029072,0.491081396
Carpophyllum flexuosum,Karitane,1.604365961,0.265156712
Carpophyllum flexuosum,Karitane,4.63784042,0.650209125
Carpophyllum flexuosum,Karitane,1.397546634,0.272590831
Carpophyllum flexuosum,Karitane,3.402400978,0.569251223
Carpophyllum flexuosum,Karitane,1.47840196,0.222759052
Marginariella boryana,Karitane,0.380876351,0.125287564
Marginariella boryana,Karitane,0.349075206,0.134433058
Marginariella boryana,Karitane,0.642698859,0.168953776
Marginariella boryana,Karitane,1.125638878,0.231799156
Marginariella boryana,Karitane,0.761957936,0.16349044
Macrocystis pyrifera,Karitane,2.95089993,0.463787399
Macrocystis pyrifera,Karitane,2.3654742,0.363112363
Macrocystis pyrifera,Karitane,2.122191865,0.430928865
Macrocystis pyrifera,Karitane,2.447102587,0.372894054
Macrocystis pyrifera,Karitane,2.900209694,0.526131617
Landsburgia quercifolia ,Karitane,1.33049995,0.320653906
Landsburgia quercifolia ,Karitane,0.418665236,0.146794955
Landsburgia quercifolia ,Karitane,0.437043547,0.19076573
Landsburgia quercifolia ,Karitane,0.408659376,0.165543539
Landsburgia quercifolia ,Karitane,0.417249149,0.261632481
Desmarestia ligulata,Karitane,2.486498362,0.695492855
Desmarestia ligulata,Karitane,2.254069209,0.178784121
Desmarestia ligulata,Karitane,3.703589538,0.425331622
Desmarestia ligulata,Karitane,2.87233434,0.167178844
Desmarestia ligulata,Karitane,1.906578476,0.120881799
Marginariella urvilliana,Karitane,0.765158754,0.165722501
Marginariella urvilliana,Karitane,0.704782441,0.196761755
Marginariella urvilliana,Karitane,0.6337517,0.135526162
Undaria pinnatifida,Aramoana,1.612353326,0.210990995
Undaria pinnatifida,Aramoana,1.477363521,0.201692425
Undaria pinnatifida,Aramoana,2.331713318,0.347756163
Undaria pinnatifida,Aramoana,1.749290699,0.269478877
Undaria pinnatifida,Aramoana,9.728636903,1.469784979
Macrocystis pyrifera,Aramoana,0.969933471,0.147804102
Macrocystis pyrifera,Aramoana,0.463239458,0.050107759
Macrocystis pyrifera,Aramoana,0.698541898,0.156087642
Macrocystis pyrifera,Aramoana,1.331482299,0.213678573
Macrocystis pyrifera,Aramoana,2.459232995,0.445896434
Ecklonia radiata,Stewart Island,1.783758758,0.281137805
Ecklonia radiata,Stewart Island,1.524654769,0.654741038
Ecklonia radiata,Stewart Island,1.963992842,0.554078877
Ecklonia radiata,Stewart Island,1.54807567,0.569584404
Ecklonia radiata,Stewart Island,1.8042505,0.310115833
Desmarestia ligulata,Stewart Island,1.701142413,0.532966301
Desmarestia ligulata,Stewart Island,3.517824834,1.063305072
Desmarestia ligulata,Stewart Island,2.247600545,0.292599523
Desmarestia ligulata,Stewart Island,2.235090718,0.566833842
Desmarestia ligulata,Stewart Island,18.14912141,3.406706741
Carpophyllum flexuosum,Stewart Island,1.561239293,0.360367561
Carpophyllum flexuosum,Stewart Island,1.810565916,0.412893161
Carpophyllum flexuosum,Stewart Island,1.348867085,0.254911081
Carpophyllum flexuosum,Stewart Island,1.675350512,0.27199109
Carpophyllum flexuosum,Stewart Island,2.244216756,0.478454896
Macrocystis pyrifera,Stewart Island,4.668978796,0.919354842
Macrocystis pyrifera,Stewart Island,1.724782722,0.359296671
Macrocystis pyrifera,Stewart Island,1.791060906,0.531719531
Macrocystis pyrifera,Stewart Island,3.359527179,0.810186931
Macrocystis pyrifera,Stewart Island,2.676654948,0.710316476
Sargassum sinclairii,Stewart Island,1.671069766,0.303939286
Sargassum sinclairii,Stewart Island,2.376315999,0.35060191
Sargassum sinclairii,Stewart Island,2.127505424,0.300403162
Sargassum sinclairii,Stewart Island,2.972109412,0.53454473
Sargassum sinclairii,Stewart Island,1.973053821,0.519785789
Halopteris sp.,Stewart Island,1.130009503,0.430085972
Halopteris sp.,Stewart Island,1.054108935,0.363691679
Halopteris sp.,Stewart Island,1.190638229,0.245597527
Halopteris sp.,Stewart Island,0.519839109,0.133507171
Halopteris sp.,Stewart Island,0.689827239,0.252390462
Carpomita costata,Stewart Island,2.098981067,0.405516566
Carpomita costata,Stewart Island,2.522233202,-0.105818876
Carpomita costata,Stewart Island,3.536040533,0.923782129
Carpomita costata,Stewart Island,1.982437852,0.602984511
Carpomita costata,Stewart Island,2.138056164,0.549948345
Spatoglossum chapmanii,Stewart Island,4.661582379,1.019558177
Spatoglossum chapmanii,Stewart Island,5.214240136,1.475384568
Spatoglossum chapmanii,Stewart Island,3.880303901,0.799640065
Spatoglossum chapmanii,Stewart Island,2.444956155,0.512705812
Spatoglossum chapmanii,Stewart Island,4.648205056,0.938211399
Marginariella urvilliana,Stewart Island,4.154932651,1.024307605
Marginariella urvilliana,Stewart Island,2.332149699,0.59289118
Marginariella urvilliana,Stewart Island,4.040978432,0.87160073
Marginariella urvilliana,Stewart Island,3.880564275,0.684289809
Marginariella urvilliana,Stewart Island,1.968422077,0.4182241
Landsburgia quercifolia ,Karitane,1.379162091,0.297924612
Landsburgia quercifolia ,Karitane,0.794359286,0.263695608
Landsburgia quercifolia ,Karitane,0.817055019,0.193912359
Landsburgia quercifolia ,Karitane,0.427303028,0.126369328
Landsburgia quercifolia ,Karitane,1.239515316,0.333556298
Macrocystis pyrifera,Karitane,1.158023,0.249217241
Macrocystis pyrifera,Karitane,1.730387668,0.320749262
Macrocystis pyrifera,Karitane,0.989693536,0.219908207
Macrocystis pyrifera,Karitane,1.933362531,0.32100758
Macrocystis pyrifera,Karitane,1.248706004,0.272052182
Desmarestia ligulata,Karitane,3.578961799,0.606512744
Desmarestia ligulata,Karitane,9.445262219,1.929238292
Desmarestia ligulata,Karitane,1.95585108,0.433043861
Desmarestia ligulata,Karitane,1.950851276,0.447836556
Desmarestia ligulata,Karitane,2.397581742,0.405167294
Xiphophora gladiata,Karitane,2.335615574,0.29255045
Xiphophora gladiata,Karitane,0.421001198,0.108313345
Xiphophora gladiata,Karitane,1.342433758,0.316158656
Xiphophora gladiata,Karitane,0.67214706,0.067609879
Xiphophora gladiata,Karitane,0.720501941,0.066349696
Dictyota kunthii,Karitane,3.384041847,0.559335754
Dictyota kunthii,Karitane,3.248399648,0.477667465
Dictyota kunthii,Karitane,5.976298546,0.786282717
Dictyota kunthii,Karitane,2.274517208,0.314801423
Dictyota kunthii,Karitane,2.113849457,0.251486348
Sargassum sinclairii,Karitane,3.422948843,0.665463603
Sargassum sinclairii,Karitane,3.088696227,0.467163097
Sargassum sinclairii,Karitane,2.904214919,0.390898011
Sargassum sinclairii,Karitane,2.593676452,0.39673377
Sargassum sinclairii,Karitane,0.74077708,0.222642032
Spatoglossum chapmanii,Karitane,4.244970006,0.56850876
Spatoglossum chapmanii,Karitane,2.988357237,0.405496564
Spatoglossum chapmanii,Karitane,1.375721624,0.444822969
Spatoglossum chapmanii,Karitane,4.378938482,0.773216205
Spatoglossum chapmanii,Karitane,4.236277881,4.886127738
Marginariella boryana,Karitane,1.414365914,0.206674602
Marginariella boryana,Karitane,1.819564215,0.265715812
Marginariella boryana,Karitane,2.489045424,0.398470252
Marginariella boryana,Karitane,1.911532066,0.25640571
Marginariella boryana,Karitane,0.556584116,0.124501516
Undaria pinnatifida,Aramoana,4.290811565,0.494524796
Undaria pinnatifida,Aramoana,1.525202132,0.230499821
Undaria pinnatifida,Aramoana,0.988670239,0.154883975
Undaria pinnatifida,Aramoana,2.18667881,0.222516324
Undaria pinnatifida,Aramoana,0.360656706,0.061181535
Zonaria aureomarginata,Stewart Island,1.269384251,0.58982469
Zonaria aureomarginata,Stewart Island,0.788368874,0.380344429
Zonaria aureomarginata,Stewart Island,1.336141087,0.71502341
Zonaria aureomarginata,Stewart Island,1.2231606,0.550877024
Zonaria aureomarginata,Stewart Island,1.14102145,0.531937235
Desmarestia ligulata,Stewart Island,2.528678696,0.408715665
Desmarestia ligulata,Stewart Island,2.720667768,0.617524622
Desmarestia ligulata,Stewart Island,6.251813016,1.024440997
Desmarestia ligulata,Stewart Island,2.101741894,0.934519209
Desmarestia ligulata,Stewart Island,2.430191203,0.855479382
Carpomita costata,Stewart Island,4.795852508,0.77845776
Carpomita costata,Stewart Island,3.111960503,0.547328464
Carpomita costata,Stewart Island,1.525622604,0.283868481
Carpomita costata,Stewart Island,2.451886405,0.456738856
Carpomita costata,Stewart Island,2.176452282,0.393347372
Spatoglossum chapmanii,Stewart Island,4.801552258,0.813170325
Spatoglossum chapmanii,Stewart Island,4.02253735,0.624136247
Spatoglossum chapmanii,Stewart Island,3.355306378,0.573521186
Spatoglossum chapmanii,Stewart Island,3.362899961,0.461300636
Spatoglossum chapmanii,Stewart Island,7.237987168,1.047567018
Marginariella urvilliana,Stewart Island,3.186298906,0.409885899
Marginariella urvilliana,Stewart Island,2.47319106,0.389672812
Marginariella urvilliana,Stewart Island,5.204454273,0.653241801
Marginariella urvilliana,Stewart Island,3.215168574,0.362719062
Marginariella urvilliana,Stewart Island,1.951857666,0.18940977
Carpophyllum flexuosum,Stewart Island,0.855537415,0.149241454
Carpophyllum flexuosum,Stewart Island,1.923981178,0.264109152
Carpophyllum flexuosum,Stewart Island,1.265741823,0.248687952
Carpophyllum flexuosum,Stewart Island,0.973329903,0.192894781
Carpophyllum flexuosum,Stewart Island,1.990872521,0.337927034
Landsburgia quercifolia ,Stewart Island,0.368938127,0.112488768
Landsburgia quercifolia ,Stewart Island,0.421727747,0.139730246
Landsburgia quercifolia ,Stewart Island,0.814070006,0.102299768
Landsburgia quercifolia ,Stewart Island,1.085969576,0.225787778
Landsburgia quercifolia ,Stewart Island,0.998771107,0.290829371
Cystophora platylobium,Stewart Island,0.277341534,0.05888337
Cystophora platylobium,Stewart Island,1.214608819,0.102571786
Cystophora platylobium,Stewart Island,2.686195627,0.225333117
Cystophora platylobium,Stewart Island,0.974357264,0.020792375
Cystophora platylobium,Stewart Island,0.864516422,0.054350606
Marginariella boryana,Stewart Island,2.174535157,0.228797545
Marginariella boryana,Stewart Island,1.315173046,0.172601814
Marginariella boryana,Stewart Island,1.256082304,0.158477245
Marginariella boryana,Stewart Island,1.738837833,0.231355514
Marginariella boryana,Stewart Island,1.927891791,0.200752494
Xiphophora gladiata,Stewart Island,1.7928881,0.305937633
Xiphophora gladiata,Stewart Island,1.322813497,0.281530179
Xiphophora gladiata,Stewart Island,0.43955288,0.124728199
Xiphophora gladiata,Stewart Island,1.651694627,0.234906619
Xiphophora gladiata,Stewart Island,1.361125058,0.14734365
Macrocystis pyrifera,Stewart Island,0.870344717,0.15499591
Macrocystis pyrifera,Stewart Island,4.867415194,0.877177471
Macrocystis pyrifera,Stewart Island,1.232231165,0.208480277
Macrocystis pyrifera,Stewart Island,1.683438844,0.272968046
Macrocystis pyrifera,Stewart Island,1.56299015,0.21233035
Sargassum sinclairii,Stewart Island,1.964241747,0.487983545
Sargassum sinclairii,Stewart Island,2.788469664,0.616881372
Sargassum sinclairii,Stewart Island,3.174156529,0.544959445
Sargassum sinclairii,Stewart Island,0.628022882,0.198656817
Sargassum sinclairii,Stewart Island,0.673310621,0.207845813
Dictyota kunthii,Stewart Island,1.389779992,0.284363942
Dictyota kunthii,Stewart Island,4.488580394,0.615826863
Dictyota kunthii,Stewart Island,2.379107998,0.361040881
Dictyota kunthii,Stewart Island,7.204215298,0.037475119
Dictyota kunthii,Stewart Island,2.373511658,0.255030564
Laminaria solidungula,Kongsfjorden,0.5827012,0.10286771
Laminaria solidungula,Kongsfjorden,0.6013499,0.09761163
Laminaria solidungula,Kongsfjorden,0.4744068,0.06898305
Laminaria solidungula,Kongsfjorden,0.5552117,0.0764658
Laminaria solidungula,Kongsfjorden,1.3510363,0.26088083
Laminaria solidungula,Kongsfjorden,1.5003868,0.26499033
Saccharina latissima,Kongsfjorden,0.8174648,0.11042254
Saccharina latissima,Kongsfjorden,0.9590389,0.14347826
Saccharina latissima,Kongsfjorden,0.7893281,0.11146245
Saccharina latissima,Kongsfjorden,0.7061176,0.10505882
Saccharina latissima,Kongsfjorden,0.5839106,0.08905028
Saccharina latissima,Kongsfjorden,1.1167401,0.15682819
Saccharina latissima,Kongsfjorden,0.8203568,0.13221406
Saccharina latissima,Kongsfjorden,0.4679302,0.07922669
Saccharina latissima,Kongsfjorden,1.1278207,0.19335394
Laminaria solidungula,Kongsfjorden,0.7383598,0.13677249
Laminaria solidungula,Kongsfjorden,0.3599551,0.07290419
Laminaria solidungula,Kongsfjorden,0.5237223,0.08707811
Laminaria solidungula,Kongsfjorden,1.4664948,0.26159794
Laminaria solidungula,Kongsfjorden,1.8091691,0.3504298
Laminaria solidungula,Kongsfjorden,0.7367478,0.12791293
Saccharina latissima,Kongsfjorden,1.5490826,0.18715596
Saccharina latissima,Kongsfjorden,0.7521127,0.09342723
Saccharina latissima,Kongsfjorden,0.5454976,0.06919431
Saccharina latissima,Kongsfjorden,1.1,0.1556553
Saccharina latissima,Kongsfjorden,0.9166403,0.11236133
Saccharina latissima,Kongsfjorden,1.55131,0.21331878
Saccharina latissima,Kongsfjorden,1.367036,0.25817175
Saccharina latissima,Kongsfjorden,2.3578512,0.31652893
Saccharina latissima,Kongsfjorden,0.9727862,0.26911447